Date,Sales ($),Marketing Spend ($),Holiday (0/1),Competitor Prices ($),Weather (Â°F)
2019-01-01,502,443,0,10.24,49
2019-01-02,582,464,0,11.19,74
2019-01-03,498,262,0,12.72,49
2019-01-04,424,425,0,12.41,38
2019-01-05,719,173,0,10.64,68
2019-01-06,688,332,0,11.39,33
2019-01-07,608,323,0,12.44,80
2019-01-08,444,418,0,10.19,83
2019-01-09,529,159,0,11.15,48
2019-01-10,551,434,0,12.55,67
2019-01-11,508,321,0,11.2,56
2019-01-12,724,136,0,10.22,74
2019-01-13,757,377,0,11.62,72
2019-01-14,543,295,0,12.58,42
2019-01-15,550,451,0,11.76,42
2019-01-16,602,341,0,10.67,89
2019-01-17,584,423,0,11.14,86
2019-01-18,606,318,0,11.34,51
2019-01-19,713,291,0,11.73,57
2019-01-20,665,116,0,12.27,81
2019-01-21,554,111,0,10.29,76
2019-01-22,627,493,0,12.66,82
2019-01-23,510,473,0,10.03,74
2019-01-24,606,292,0,11.1,51
2019-01-25,671,121,0,10.07,72
2019-01-26,870,219,0,11.17,48
2019-01-27,706,309,0,11.57,37
2019-01-28,649,405,0,11.53,81
2019-01-29,549,369,0,10.49,37
2019-01-30,516,291,0,11.93,71
2019-01-31,586,274,0,10.12,55
2019-02-01,549,384,0,12.28,77
2019-02-02,762,303,0,12.83,80
2019-02-03,876,263,0,11.01,55
2019-02-04,697,350,0,11.54,52
2019-02-05,527,326,0,11.13,72
2019-02-06,705,480,0,10.01,42
2019-02-07,708,106,0,11.15,57
2019-02-08,695,128,0,12.37,38
2019-02-09,913,494,0,11.78,49
2019-02-10,777,132,0,10.29,85
2019-02-11,636,233,0,12.53,48
2019-02-12,586,466,0,11.58,77
2019-02-13,597,178,0,12.52,68
2019-02-14,667,157,0,11.73,80
2019-02-15,589,125,0,11.67,41
2019-02-16,876,325,0,10.31,44
2019-02-17,764,384,0,10.49,60
2019-02-18,619,103,0,12.91,84
2019-02-19,715,198,0,10.68,43
2019-02-20,568,496,0,12.92,40
2019-02-21,684,138,0,11.59,55
2019-02-22,644,370,0,10.4,71
2019-02-23,817,474,0,10.29,56
2019-02-24,773,384,0,10.62,40
2019-02-25,570,256,0,12.77,67
2019-02-26,653,174,0,11.23,63
2019-02-27,618,471,0,11.18,72
2019-02-28,697,387,0,10.93,48
2019-03-01,653,229,0,10.43,35
2019-03-02,862,274,0,11.45,75
2019-03-03,883,183,0,10.38,81
2019-03-04,762,121,0,12.5,67
2019-03-05,774,126,0,11.1,78
2019-03-06,749,294,0,11.11,71
2019-03-07,586,436,0,11.41,57
2019-03-08,755,481,0,11.32,30
2019-03-09,816,335,0,12.97,64
2019-03-10,864,191,0,11.63,69
2019-03-11,748,120,0,10.25,37
2019-03-12,635,402,0,11.81,88
2019-03-13,691,456,0,10.44,81
2019-03-14,720,183,0,10.08,83
2019-03-15,591,361,0,12.9,76
2019-03-16,924,246,0,12.31,85
2019-03-17,845,486,0,12.93,36
2019-03-18,698,356,0,11.42,40
2019-03-19,597,157,0,11.59,68
2019-03-20,647,479,0,10.5,33
2019-03-21,785,114,0,10.73,54
2019-03-22,741,261,0,12.51,41
2019-03-23,839,262,0,11.06,55
2019-03-24,958,419,0,12.47,67
2019-03-25,787,380,0,12.12,75
2019-03-26,611,379,0,10.52,41
2019-03-27,692,111,0,11.51,72
2019-03-28,646,373,0,12.02,80
2019-03-29,613,370,0,10.7,82
2019-03-30,998,307,0,12.48,66
2019-03-31,988,126,0,11.62,75
2019-04-01,638,171,0,10.49,82
2019-04-02,680,159,0,11.74,53
2019-04-03,709,244,0,12.99,45
2019-04-04,651,192,0,10.44,86
2019-04-05,622,408,0,12.44,42
2019-04-06,952,107,0,10.61,54
2019-04-07,986,178,0,12.34,83
2019-04-08,722,126,0,12.19,83
2019-04-09,638,273,0,10.89,86
2019-04-10,754,149,0,10.97,81
2019-04-11,611,298,0,12.37,83
2019-04-12,641,486,0,11.37,33
2019-04-13,860,448,0,12.18,40
2019-04-14,883,280,0,10.43,61
2019-04-15,665,123,0,12.55,78
2019-04-16,602,415,0,12.12,36
2019-04-17,680,477,0,12.71,75
2019-04-18,720,486,0,10.39,87
2019-04-19,726,145,0,11.77,40
2019-04-20,852,114,0,11.79,57
2019-04-21,927,252,0,11.05,83
2019-04-22,668,321,0,11.37,70
2019-04-23,722,305,0,10.1,52
2019-04-24,748,372,0,12.23,74
2019-04-25,746,481,0,11.64,52
2019-04-26,615,335,0,10.16,79
2019-04-27,904,439,0,12.03,57
2019-04-28,784,327,0,11.39,72
2019-04-29,619,108,0,10.09,76
2019-04-30,604,265,0,12.9,86
2019-05-01,709,418,0,12.84,55
2019-05-02,645,313,0,11.53,54
2019-05-03,583,216,0,10.27,83
2019-05-04,931,485,0,12.25,58
2019-05-05,800,443,0,11.47,48
2019-05-06,614,171,0,10.9,62
2019-05-07,715,494,0,11.46,65
2019-05-08,624,163,0,11.56,43
2019-05-09,597,304,0,11.68,43
2019-05-10,657,308,0,11.31,64
2019-05-11,927,171,0,11.81,59
2019-05-12,857,376,0,12.75,57
2019-05-13,586,373,0,11.08,46
2019-05-14,742,419,0,12.17,32
2019-05-15,648,437,0,12.67,45
2019-05-16,719,465,0,11.36,75
2019-05-17,673,194,0,11.32,59
2019-05-18,740,265,0,11.8,81
2019-05-19,742,131,0,11.76,58
2019-05-20,676,110,0,12.41,74
2019-05-21,635,400,0,11.42,44
2019-05-22,556,316,0,12.98,75
2019-05-23,664,388,0,10.17,85
2019-05-24,539,201,0,10.0,54
2019-05-25,811,491,0,11.91,80
2019-05-26,761,366,0,10.89,67
2019-05-27,640,313,0,10.71,71
2019-05-28,692,278,0,10.93,88
2019-05-29,573,187,0,10.76,76
2019-05-30,603,140,0,10.08,82
2019-05-31,556,175,0,12.9,83
2019-06-01,797,476,0,10.65,81
2019-06-02,831,145,0,12.19,87
2019-06-03,647,259,0,12.28,67
2019-06-04,635,179,0,12.78,52
2019-06-05,660,409,0,10.08,54
2019-06-06,515,185,0,12.61,71
2019-06-07,519,191,0,11.57,36
2019-06-08,693,247,0,11.89,51
2019-06-09,837,260,0,11.92,46
2019-06-10,545,301,0,12.45,47
2019-06-11,658,341,0,10.99,78
2019-06-12,553,452,0,12.19,70
2019-06-13,492,101,0,11.58,39
2019-06-14,527,324,0,12.37,39
2019-06-15,828,388,0,12.96,86
2019-06-16,699,332,0,10.59,36
2019-06-17,513,176,0,12.97,77
2019-06-18,633,215,0,10.26,79
2019-06-19,578,253,0,10.0,67
2019-06-20,469,202,0,10.12,56
2019-06-21,466,293,0,11.02,81
2019-06-22,742,265,0,11.89,62
2019-06-23,675,458,0,10.2,30
2019-06-24,511,189,0,10.01,73
2019-06-25,454,273,0,12.8,82
2019-06-26,611,221,0,12.46,89
2019-06-27,492,242,0,12.42,63
2019-06-28,542,205,0,12.64,33
2019-06-29,702,474,0,12.09,46
2019-06-30,797,404,0,10.3,33
2019-07-01,532,459,0,11.19,72
2019-07-02,521,416,0,12.16,83
2019-07-03,423,222,0,10.83,55
2019-07-04,583,489,0,12.05,33
2019-07-05,511,108,0,10.06,30
2019-07-06,702,361,0,10.91,36
2019-07-07,586,172,0,11.64,59
2019-07-08,482,458,0,11.89,79
2019-07-09,574,322,0,11.72,38
2019-07-10,572,140,0,12.08,64
2019-07-11,524,469,0,10.01,37
2019-07-12,503,303,0,10.29,53
2019-07-13,624,363,0,12.6,48
2019-07-14,724,427,0,12.04,65
2019-07-15,406,277,0,10.33,79
2019-07-16,524,447,0,12.52,81
2019-07-17,501,417,0,10.72,88
2019-07-18,404,183,0,11.42,72
2019-07-19,460,417,0,10.43,56
2019-07-20,699,210,0,12.12,61
2019-07-21,632,350,0,11.99,43
2019-07-22,512,482,0,10.62,86
2019-07-23,442,106,0,12.58,47
2019-07-24,388,183,0,11.19,57
2019-07-25,509,307,0,10.87,89
2019-07-26,371,487,0,10.45,58
2019-07-27,528,489,0,10.79,45
2019-07-28,552,413,0,10.06,64
2019-07-29,440,121,0,11.74,76
2019-07-30,438,482,0,12.52,88
2019-07-31,417,102,0,11.64,88
2019-08-01,402,226,0,10.65,60
2019-08-02,411,396,0,10.09,33
2019-08-03,679,287,0,10.63,66
2019-08-04,573,461,0,11.24,46
2019-08-05,476,113,0,12.27,68
2019-08-06,399,111,0,10.55,77
2019-08-07,285,186,0,12.15,75
2019-08-08,411,111,0,12.59,55
2019-08-09,332,496,0,11.35,77
2019-08-10,562,124,0,12.45,68
2019-08-11,601,400,0,11.65,70
2019-08-12,417,342,0,11.9,33
2019-08-13,393,221,0,11.57,59
2019-08-14,395,246,0,11.38,59
2019-08-15,315,154,0,10.69,51
2019-08-16,432,337,0,10.9,40
2019-08-17,617,455,0,10.86,31
2019-08-18,653,272,0,11.68,73
2019-08-19,412,491,0,10.35,41
2019-08-20,318,320,0,12.74,59
2019-08-21,431,218,0,12.15,65
2019-08-22,429,408,0,11.19,47
2019-08-23,366,282,0,10.47,55
2019-08-24,586,387,0,12.64,82
2019-08-25,477,406,0,12.46,36
2019-08-26,261,399,0,12.16,30
2019-08-27,304,181,0,10.8,87
2019-08-28,349,310,0,11.2,55
2019-08-29,329,249,0,10.3,52
2019-08-30,427,136,0,10.56,55
2019-08-31,566,451,0,12.34,74
2019-09-01,570,411,0,12.14,35
2019-09-02,321,460,0,11.77,35
2019-09-03,346,158,0,12.68,73
2019-09-04,408,230,0,11.74,37
2019-09-05,289,301,0,11.39,53
2019-09-06,311,342,0,11.01,51
2019-09-07,419,134,0,12.81,48
2019-09-08,563,192,0,10.24,66
2019-09-09,400,306,0,12.78,47
2019-09-10,376,452,0,12.47,60
2019-09-11,358,490,0,10.38,66
2019-09-12,300,431,0,11.68,59
2019-09-13,404,404,0,12.59,86
2019-09-14,555,449,0,11.71,71
2019-09-15,555,312,0,12.71,62
2019-09-16,302,258,0,12.82,39
2019-09-17,404,123,0,11.26,66
2019-09-18,256,392,0,11.12,41
2019-09-19,364,103,0,12.8,83
2019-09-20,370,319,0,12.02,59
2019-09-21,530,463,0,10.34,56
2019-09-22,440,481,0,10.12,68
2019-09-23,283,119,0,11.68,38
2019-09-24,304,251,0,12.78,83
2019-09-25,329,149,0,12.52,50
2019-09-26,210,276,0,12.02,41
2019-09-27,384,195,0,10.41,84
2019-09-28,577,204,0,10.75,58
2019-09-29,550,349,0,12.62,62
2019-09-30,358,216,0,10.54,72
2019-10-01,241,453,0,10.83,82
2019-10-02,298,327,0,10.38,44
2019-10-03,206,165,0,12.02,31
2019-10-04,343,434,0,12.82,81
2019-10-05,489,361,0,10.8,68
2019-10-06,511,394,0,11.42,82
2019-10-07,259,342,0,11.89,73
2019-10-08,313,470,0,12.99,83
2019-10-09,202,285,0,10.3,47
2019-10-10,330,345,0,11.49,32
2019-10-11,249,224,0,11.15,36
2019-10-12,542,367,0,12.59,72
2019-10-13,599,230,0,11.42,47
2019-10-14,240,336,0,10.32,73
2019-10-15,364,117,0,11.89,67
2019-10-16,214,139,0,12.3,66
2019-10-17,304,120,0,10.0,87
2019-10-18,353,498,0,12.57,62
2019-10-19,455,324,0,10.55,73
2019-10-20,539,454,0,11.65,88
2019-10-21,358,381,0,11.24,60
2019-10-22,363,107,0,12.15,87
2019-10-23,266,199,0,11.1,40
2019-10-24,333,339,0,12.6,33
2019-10-25,376,186,0,12.18,88
2019-10-26,568,397,0,11.93,47
2019-10-27,533,113,0,12.38,33
2019-10-28,294,433,0,12.25,78
2019-10-29,333,101,0,10.1,63
2019-10-30,422,474,0,11.17,58
2019-10-31,388,392,0,12.78,53
2019-11-01,691,424,1,10.37,51
2019-11-02,831,140,1,12.2,31
2019-11-03,813,417,1,12.91,73
2019-11-04,643,415,1,10.15,35
2019-11-05,632,480,1,12.04,71
2019-11-06,688,210,1,11.39,54
2019-11-07,630,113,1,11.73,84
2019-11-08,685,330,1,10.25,86
2019-11-09,869,183,1,10.12,50
2019-11-10,853,229,1,11.99,84
2019-11-11,627,330,1,12.46,88
2019-11-12,741,425,1,12.34,45
2019-11-13,604,244,1,11.62,60
2019-11-14,715,478,1,10.29,43
2019-11-15,743,444,1,12.05,68
2019-11-16,926,127,1,10.72,57
2019-11-17,920,165,1,12.72,61
2019-11-18,630,262,1,12.5,57
2019-11-19,597,328,1,12.12,80
2019-11-20,709,360,1,12.84,84
2019-11-21,590,263,1,10.08,78
2019-11-22,620,400,1,12.2,38
2019-11-23,923,402,1,10.98,87
2019-11-24,905,386,1,12.71,74
2019-11-25,716,494,1,10.79,51
2019-11-26,718,109,1,12.16,61
2019-11-27,781,294,1,12.62,34
2019-11-28,734,217,1,10.11,52
2019-11-29,719,369,1,11.18,34
2019-11-30,827,179,1,12.28,71
2019-12-01,973,192,1,11.35,82
2019-12-02,787,365,1,10.79,61
2019-12-03,718,431,1,10.65,88
2019-12-04,725,449,1,10.38,39
2019-12-05,631,460,1,12.56,88
2019-12-06,771,356,1,11.72,68
2019-12-07,854,232,1,10.22,87
2019-12-08,928,375,1,11.14,44
2019-12-09,673,363,1,11.09,36
2019-12-10,807,270,1,10.54,58
2019-12-11,636,100,1,11.3,88
2019-12-12,659,412,1,10.99,76
2019-12-13,662,163,1,11.02,32
2019-12-14,859,473,1,12.21,48
2019-12-15,871,383,1,10.66,39
2019-12-16,742,220,1,11.92,57
2019-12-17,676,206,1,11.7,58
2019-12-18,762,274,1,11.69,44
2019-12-19,847,303,1,11.98,64
2019-12-20,855,264,1,11.64,35
2019-12-21,923,404,1,12.63,41
2019-12-22,913,219,1,12.02,76
2019-12-23,815,143,1,11.63,67
2019-12-24,676,411,1,12.48,42
2019-12-25,710,255,1,11.81,58
2019-12-26,871,466,1,10.86,48
2019-12-27,731,306,1,10.61,32
2019-12-28,902,489,1,10.45,37
2019-12-29,1061,207,1,12.69,37
2019-12-30,850,350,1,12.12,84
2019-12-31,742,469,1,12.8,87
2020-01-01,516,433,0,11.8,49
2020-01-02,409,229,0,11.41,76
2020-01-03,505,392,0,10.17,33
2020-01-04,734,119,0,12.0,80
2020-01-05,650,381,0,11.74,50
2020-01-06,440,384,0,12.96,32
2020-01-07,513,100,0,10.71,74
2020-01-08,469,218,0,11.58,37
2020-01-09,608,134,0,11.94,52
2020-01-10,525,297,0,11.92,45
2020-01-11,732,344,0,11.67,42
2020-01-12,825,158,0,12.32,32
2020-01-13,556,424,0,10.6,77
2020-01-14,635,260,0,12.17,38
2020-01-15,607,278,0,11.85,89
2020-01-16,611,305,0,12.68,43
2020-01-17,521,111,0,12.53,42
2020-01-18,785,375,0,10.94,82
2020-01-19,678,280,0,10.82,86
2020-01-20,488,341,0,12.93,36
2020-01-21,521,315,0,11.57,44
2020-01-22,528,350,0,12.71,36
2020-01-23,540,398,0,10.48,67
2020-01-24,580,225,0,11.92,63
2020-01-25,853,316,0,12.42,70
2020-01-26,707,405,0,12.83,51
2020-01-27,600,384,0,11.0,53
2020-01-28,521,284,0,12.16,78
2020-01-29,667,138,0,11.61,66
2020-01-30,581,322,0,10.17,73
2020-01-31,649,283,0,12.06,30
2020-02-01,895,277,0,12.06,39
2020-02-02,831,393,0,12.78,72
2020-02-03,662,439,0,11.48,45
2020-02-04,640,250,0,10.68,75
2020-02-05,529,483,0,10.12,37
2020-02-06,619,225,0,11.24,85
2020-02-07,679,400,0,10.9,78
2020-02-08,858,407,0,12.27,54
2020-02-09,767,435,0,11.05,79
2020-02-10,702,333,0,12.84,41
2020-02-11,568,479,0,12.88,54
2020-02-12,701,474,0,11.85,46
2020-02-13,560,107,0,12.78,89
2020-02-14,635,440,0,12.27,55
2020-02-15,789,228,0,11.63,75
2020-02-16,894,363,0,10.53,77
2020-02-17,696,256,0,11.37,43
2020-02-18,559,451,0,11.67,70
2020-02-19,608,457,0,12.58,65
2020-02-20,686,104,0,11.43,86
2020-02-21,610,185,0,12.68,52
2020-02-22,791,274,0,12.01,72
2020-02-23,930,389,0,10.4,35
2020-02-24,579,292,0,12.97,76
2020-02-25,626,410,0,11.57,34
2020-02-26,571,218,0,11.17,72
2020-02-27,709,317,0,11.97,54
2020-02-28,709,213,0,10.32,47
2020-02-29,884,244,0,11.9,42
2020-03-01,914,125,0,11.48,72
2020-03-02,664,235,0,11.21,43
2020-03-03,672,402,0,12.85,57
2020-03-04,642,331,0,11.56,47
2020-03-05,609,468,0,10.65,88
2020-03-06,770,175,0,11.37,89
2020-03-07,866,427,0,12.75,86
2020-03-08,833,444,0,10.52,57
2020-03-09,736,401,0,10.63,80
2020-03-10,770,388,0,10.03,85
2020-03-11,649,100,0,10.03,56
2020-03-12,777,246,0,12.48,61
2020-03-13,713,386,0,12.19,76
2020-03-14,939,241,0,11.06,38
2020-03-15,848,152,0,12.08,69
2020-03-16,649,403,0,11.18,61
2020-03-17,678,168,0,12.85,49
2020-03-18,642,460,0,12.89,57
2020-03-19,774,189,0,11.17,62
2020-03-20,764,319,0,12.55,33
2020-03-21,865,291,0,12.31,75
2020-03-22,811,162,0,10.92,86
2020-03-23,650,172,0,10.69,63
2020-03-24,785,260,0,11.36,77
2020-03-25,698,268,0,12.33,32
2020-03-26,605,188,0,12.87,55
2020-03-27,651,275,0,12.28,37
2020-03-28,858,368,0,12.56,35
2020-03-29,906,172,0,11.8,45
2020-03-30,603,344,0,12.5,53
2020-03-31,701,176,0,12.34,77
2020-04-01,795,258,0,11.12,68
2020-04-02,604,423,0,11.65,59
2020-04-03,707,197,0,12.4,74
2020-04-04,914,480,0,10.13,42
2020-04-05,892,201,0,12.41,34
2020-04-06,645,231,0,10.52,54
2020-04-07,696,201,0,11.53,49
2020-04-08,652,118,0,12.41,83
2020-04-09,765,181,0,10.75,47
2020-04-10,648,496,0,10.73,76
2020-04-11,940,378,0,11.2,47
2020-04-12,808,438,0,12.67,31
2020-04-13,708,464,0,9.99,39
2020-04-14,718,430,0,12.69,84
2020-04-15,699,228,0,10.45,74
2020-04-16,750,443,0,12.96,79
2020-04-17,738,409,0,12.85,76
2020-04-18,935,188,0,11.47,41
2020-04-19,909,312,0,11.53,76
2020-04-20,651,242,0,11.43,42
2020-04-21,606,164,0,11.9,79
2020-04-22,678,175,0,10.26,76
2020-04-23,642,298,0,10.09,86
2020-04-24,766,242,0,10.16,84
2020-04-25,872,415,0,11.32,40
2020-04-26,897,192,0,10.82,48
2020-04-27,641,404,0,11.86,64
2020-04-28,600,323,0,12.97,68
2020-04-29,703,390,0,11.15,82
2020-04-30,711,201,0,11.71,55
2020-05-01,712,366,0,11.24,75
2020-05-02,900,454,0,12.53,43
2020-05-03,827,209,0,12.7,83
2020-05-04,689,429,0,12.62,74
2020-05-05,566,364,0,12.91,73
2020-05-06,597,102,0,10.07,53
2020-05-07,657,184,0,12.51,70
2020-05-08,685,381,0,12.25,30
2020-05-09,875,427,0,10.68,80
2020-05-10,803,403,0,12.86,72
2020-05-11,642,216,0,10.43,84
2020-05-12,668,320,0,12.03,51
2020-05-13,677,253,0,10.66,52
2020-05-14,562,252,0,11.28,85
2020-05-15,733,111,0,12.15,83
2020-05-16,933,232,0,11.68,48
2020-05-17,930,403,0,11.27,47
2020-05-18,605,392,0,10.97,41
2020-05-19,556,399,0,12.51,84
2020-05-20,624,327,0,10.42,57
2020-05-21,724,370,0,11.28,57
2020-05-22,602,142,0,12.7,89
2020-05-23,878,442,0,12.53,88
2020-05-24,865,425,0,11.19,62
2020-05-25,697,401,0,12.28,48
2020-05-26,601,463,0,12.46,57
2020-05-27,697,478,0,12.66,88
2020-05-28,539,120,0,11.62,81
2020-05-29,576,206,0,10.6,78
2020-05-30,751,435,0,10.76,66
2020-05-31,795,402,0,10.88,55
2020-06-01,688,216,0,11.77,64
2020-06-02,692,223,0,10.09,63
2020-06-03,636,498,0,11.9,64
2020-06-04,665,380,0,11.08,69
2020-06-05,571,391,0,10.88,45
2020-06-06,722,302,0,12.63,67
2020-06-07,779,150,0,11.37,42
2020-06-08,509,370,0,10.28,52
2020-06-09,574,423,0,12.47,89
2020-06-10,493,376,0,10.13,83
2020-06-11,477,240,0,12.17,51
2020-06-12,532,374,0,12.31,45
2020-06-13,760,389,0,11.05,57
2020-06-14,691,433,0,12.46,77
2020-06-15,634,480,0,11.54,64
2020-06-16,588,472,0,11.38,89
2020-06-17,594,151,0,10.13,74
2020-06-18,630,126,0,10.86,75
2020-06-19,536,256,0,12.78,37
2020-06-20,638,338,0,11.17,73
2020-06-21,702,255,0,11.63,84
2020-06-22,434,390,0,11.59,84
2020-06-23,443,235,0,11.76,51
2020-06-24,447,243,0,10.17,50
2020-06-25,500,205,0,11.08,55
2020-06-26,418,257,0,12.16,69
2020-06-27,741,245,0,10.59,50
2020-06-28,770,101,0,10.6,54
2020-06-29,490,176,0,10.02,70
2020-06-30,555,231,0,11.3,30
2020-07-01,539,189,0,12.64,35
2020-07-02,574,444,0,10.15,52
2020-07-03,555,449,0,10.56,80
2020-07-04,713,362,0,10.92,52
2020-07-05,618,450,0,12.19,72
2020-07-06,543,207,0,11.91,72
2020-07-07,568,173,0,11.24,52
2020-07-08,554,138,0,12.27,61
2020-07-09,543,496,0,11.82,59
2020-07-10,469,258,0,12.68,42
2020-07-11,577,170,0,12.44,72
2020-07-12,629,411,0,10.75,47
2020-07-13,423,340,0,10.8,52
2020-07-14,516,397,0,10.37,44
2020-07-15,519,135,0,11.0,62
2020-07-16,422,183,0,12.99,50
2020-07-17,388,473,0,11.21,86
2020-07-18,585,362,0,10.65,68
2020-07-19,567,409,0,12.28,52
2020-07-20,476,484,0,11.62,56
2020-07-21,344,271,0,10.44,74
2020-07-22,423,475,0,11.13,73
2020-07-23,371,272,0,11.23,47
2020-07-24,452,461,0,12.25,53
2020-07-25,554,146,0,10.05,80
2020-07-26,597,478,0,10.8,76
2020-07-27,403,240,0,11.54,69
2020-07-28,317,474,0,10.8,80
2020-07-29,399,217,0,11.88,71
2020-07-30,457,376,0,11.44,36
2020-07-31,390,313,0,11.08,79
2020-08-01,659,319,0,12.84,77
2020-08-02,609,492,0,11.89,49
2020-08-03,396,125,0,10.38,56
2020-08-04,424,108,0,11.67,35
2020-08-05,482,370,0,12.33,56
2020-08-06,341,109,0,12.12,38
2020-08-07,394,477,0,10.51,82
2020-08-08,552,220,0,12.91,74
2020-08-09,632,224,0,11.34,86
2020-08-10,392,269,0,10.47,60
2020-08-11,433,171,0,10.53,50
2020-08-12,288,251,0,10.28,55
2020-08-13,428,307,0,12.4,69
2020-08-14,400,148,0,10.36,77
2020-08-15,560,253,0,10.37,74
2020-08-16,609,446,0,12.54,42
2020-08-17,446,392,0,11.02,78
2020-08-18,429,167,0,10.08,52
2020-08-19,349,149,0,10.15,49
2020-08-20,283,251,0,10.42,66
2020-08-21,341,118,0,10.63,83
2020-08-22,595,199,0,11.99,82
2020-08-23,592,159,0,10.46,57
2020-08-24,429,266,0,10.35,46
2020-08-25,274,301,0,12.28,57
2020-08-26,247,444,0,12.0,70
2020-08-27,346,245,0,11.3,31
2020-08-28,414,263,0,11.64,54
2020-08-29,442,341,0,10.93,87
2020-08-30,450,168,0,11.44,79
2020-08-31,324,274,0,11.51,70
2020-09-01,329,148,0,11.15,35
2020-09-02,252,207,0,12.71,40
2020-09-03,237,325,0,10.04,86
2020-09-04,332,260,0,12.34,67
2020-09-05,479,218,0,10.36,35
2020-09-06,500,248,0,12.38,74
2020-09-07,327,249,0,11.84,40
2020-09-08,299,392,0,12.52,43
2020-09-09,353,242,0,10.28,31
2020-09-10,398,259,0,11.67,69
2020-09-11,229,110,0,11.49,32
2020-09-12,585,237,0,12.11,84
2020-09-13,507,177,0,11.59,82
2020-09-14,346,176,0,11.61,64
2020-09-15,394,353,0,11.28,62
2020-09-16,352,357,0,10.92,53
2020-09-17,280,419,0,11.44,48
2020-09-18,212,390,0,10.35,47
2020-09-19,601,362,0,12.87,78
2020-09-20,430,184,0,12.13,81
2020-09-21,329,245,0,12.85,53
2020-09-22,253,422,0,10.67,74
2020-09-23,283,141,0,12.63,64
2020-09-24,311,473,0,12.42,30
2020-09-25,343,224,0,12.02,65
2020-09-26,516,266,0,11.87,54
2020-09-27,468,340,0,10.94,74
2020-09-28,298,379,0,12.44,78
2020-09-29,339,287,0,11.49,89
2020-09-30,224,401,0,10.2,72
2020-10-01,379,118,0,10.93,63
2020-10-02,322,167,0,12.8,54
2020-10-03,452,317,0,12.54,45
2020-10-04,550,201,0,12.94,63
2020-10-05,343,141,0,11.87,58
2020-10-06,256,387,0,10.73,48
2020-10-07,239,266,0,10.48,52
2020-10-08,309,208,0,10.55,48
2020-10-09,382,135,0,10.05,54
2020-10-10,443,331,0,11.16,45
2020-10-11,588,328,0,10.56,83
2020-10-12,369,452,0,11.22,80
2020-10-13,345,263,0,12.79,38
2020-10-14,326,486,0,11.28,30
2020-10-15,338,172,0,12.62,71
2020-10-16,369,235,0,11.81,48
2020-10-17,482,452,0,10.73,62
2020-10-18,554,478,0,11.06,63
2020-10-19,285,169,0,10.24,45
2020-10-20,219,295,0,10.99,73
2020-10-21,285,368,0,12.02,69
2020-10-22,398,148,0,10.21,84
2020-10-23,358,415,0,10.61,47
2020-10-24,422,229,0,11.13,63
2020-10-25,590,104,0,12.94,54
2020-10-26,359,126,0,12.34,74
2020-10-27,387,259,0,12.19,35
2020-10-28,391,248,0,10.34,50
2020-10-29,359,363,0,12.33,87
2020-10-30,402,329,0,12.35,35
2020-10-31,453,299,0,11.79,61
2020-11-01,849,149,1,12.96,70
2020-11-02,723,166,1,10.97,77
2020-11-03,536,399,1,12.81,72
2020-11-04,562,480,1,12.73,68
2020-11-05,700,157,1,10.02,60
2020-11-06,703,358,1,11.34,71
2020-11-07,822,441,1,12.92,39
2020-11-08,877,425,1,10.3,59
2020-11-09,652,229,1,11.63,86
2020-11-10,610,314,1,12.93,81
2020-11-11,634,271,1,11.66,47
2020-11-12,695,357,1,10.56,89
2020-11-13,623,201,1,11.74,53
2020-11-14,800,308,1,10.6,81
2020-11-15,889,390,1,11.55,38
2020-11-16,596,453,1,10.21,60
2020-11-17,632,385,1,11.81,44
2020-11-18,724,215,1,11.54,33
2020-11-19,586,363,1,12.21,69
2020-11-20,759,249,1,11.88,38
2020-11-21,880,399,1,11.64,74
2020-11-22,957,135,1,12.06,38
2020-11-23,745,432,1,10.42,55
2020-11-24,672,386,1,11.78,33
2020-11-25,673,402,1,10.51,46
2020-11-26,605,410,1,12.77,45
2020-11-27,628,307,1,10.2,44
2020-11-28,918,205,1,11.28,64
2020-11-29,990,257,1,12.08,86
2020-11-30,771,220,1,11.36,81
2020-12-01,742,154,1,10.27,34
2020-12-02,730,499,1,11.65,84
2020-12-03,665,111,1,11.91,34
2020-12-04,758,244,1,12.1,49
2020-12-05,1013,499,1,11.11,44
2020-12-06,877,495,1,11.68,47
2020-12-07,746,235,1,11.34,76
2020-12-08,728,102,1,12.01,31
2020-12-09,793,243,1,11.74,58
2020-12-10,630,129,1,11.57,42
2020-12-11,763,336,1,10.74,33
2020-12-12,928,378,1,10.0,71
2020-12-13,1029,447,1,10.51,74
2020-12-14,833,214,1,10.34,39
2020-12-15,758,203,1,11.34,60
2020-12-16,802,217,1,11.83,70
2020-12-17,708,104,1,10.63,37
2020-12-18,816,459,1,12.81,32
2020-12-19,1025,347,1,10.01,77
2020-12-20,979,463,1,12.31,75
2020-12-21,800,420,1,11.87,38
2020-12-22,727,220,1,11.11,59
2020-12-23,716,385,1,10.14,82
2020-12-24,849,248,1,11.87,40
2020-12-25,839,183,1,11.15,64
2020-12-26,1056,330,1,12.8,66
2020-12-27,947,387,1,11.62,71
2020-12-28,737,260,1,12.81,42
2020-12-29,842,371,1,10.65,65
2020-12-30,776,137,1,12.17,85
2020-12-31,818,325,1,11.84,42
2021-01-01,567,241,0,12.21,41
2021-01-02,754,391,0,10.63,66
2021-01-03,630,250,0,11.98,39
2021-01-04,599,213,0,11.48,89
2021-01-05,563,336,0,12.22,85
2021-01-06,468,165,0,10.97,38
2021-01-07,473,460,0,12.66,81
2021-01-08,441,440,0,10.24,36
2021-01-09,774,357,0,12.41,31
2021-01-10,793,348,0,12.57,83
2021-01-11,439,430,0,12.44,85
2021-01-12,558,422,0,11.53,89
2021-01-13,498,279,0,11.31,52
2021-01-14,566,289,0,12.98,68
2021-01-15,454,253,0,10.68,69
2021-01-16,798,295,0,11.63,68
2021-01-17,843,410,0,12.0,50
2021-01-18,473,361,0,12.09,52
2021-01-19,538,242,0,10.6,58
2021-01-20,483,441,0,11.95,43
2021-01-21,671,415,0,12.45,55
2021-01-22,576,200,0,10.14,80
2021-01-23,829,343,0,12.72,34
2021-01-24,836,111,0,10.08,84
2021-01-25,600,338,0,11.06,60
2021-01-26,494,148,0,10.04,54
2021-01-27,611,141,0,10.22,60
2021-01-28,584,265,0,12.72,79
2021-01-29,660,181,0,11.05,49
2021-01-30,788,390,0,11.26,73
2021-01-31,837,257,0,10.64,84
2021-02-01,690,315,0,11.78,46
2021-02-02,567,257,0,11.77,74
2021-02-03,688,233,0,11.11,31
2021-02-04,541,166,0,10.99,54
2021-02-05,617,435,0,12.64,42
2021-02-06,760,106,0,11.14,87
2021-02-07,913,113,0,11.47,68
2021-02-08,679,172,0,10.84,57
2021-02-09,718,498,0,12.35,71
2021-02-10,674,262,0,11.18,84
2021-02-11,693,165,0,11.53,35
2021-02-12,691,446,0,10.75,32
2021-02-13,878,229,0,12.95,87
2021-02-14,785,305,0,10.86,64
2021-02-15,577,375,0,12.3,47
2021-02-16,678,355,0,11.27,40
2021-02-17,629,365,0,10.61,83
2021-02-18,664,124,0,12.39,49
2021-02-19,748,380,0,10.99,34
2021-02-20,800,352,0,12.59,48
2021-02-21,908,409,0,12.74,51
2021-02-22,752,388,0,12.57,88
2021-02-23,570,263,0,10.1,89
2021-02-24,618,194,0,12.35,48
2021-02-25,594,369,0,11.22,76
2021-02-26,675,420,0,12.61,45
2021-02-27,772,209,0,11.9,53
2021-02-28,888,435,0,12.49,70
2021-03-01,604,409,0,11.49,33
2021-03-02,691,337,0,11.6,44
2021-03-03,639,480,0,10.42,54
2021-03-04,722,486,0,12.34,73
2021-03-05,755,489,0,11.25,84
2021-03-06,790,124,0,11.49,64
2021-03-07,866,240,0,12.35,84
2021-03-08,608,216,0,11.79,43
2021-03-09,646,491,0,10.59,78
2021-03-10,671,124,0,11.76,48
2021-03-11,645,178,0,11.21,67
2021-03-12,614,167,0,11.4,65
2021-03-13,965,272,0,10.07,36
2021-03-14,950,111,0,10.62,59
2021-03-15,688,387,0,10.83,48
2021-03-16,696,227,0,12.13,78
2021-03-17,691,195,0,10.02,54
2021-03-18,722,191,0,11.22,45
2021-03-19,743,240,0,12.76,76
2021-03-20,849,130,0,10.33,83
2021-03-21,801,433,0,11.54,69
2021-03-22,793,119,0,12.35,80
2021-03-23,691,245,0,12.82,37
2021-03-24,730,415,0,12.23,47
2021-03-25,699,489,0,12.15,57
2021-03-26,601,259,0,12.47,45
2021-03-27,979,448,0,11.33,81
2021-03-28,821,142,0,12.41,48
2021-03-29,651,353,0,10.01,71
2021-03-30,763,229,0,12.76,46
2021-03-31,681,159,0,11.32,74
2021-04-01,743,250,0,11.65,42
2021-04-02,683,386,0,10.75,36
2021-04-03,876,104,0,12.22,56
2021-04-04,908,365,0,10.22,39
2021-04-05,599,444,0,12.61,63
2021-04-06,649,229,0,12.47,65
2021-04-07,770,481,0,10.64,54
2021-04-08,601,366,0,12.42,35
2021-04-09,787,277,0,12.35,53
2021-04-10,989,352,0,11.89,47
2021-04-11,908,155,0,11.11,52
2021-04-12,627,182,0,10.8,35
2021-04-13,628,492,0,10.69,58
2021-04-14,685,198,0,10.95,54
2021-04-15,688,248,0,12.7,84
2021-04-16,664,428,0,10.22,46
2021-04-17,830,255,0,12.48,75
2021-04-18,944,289,0,11.04,53
2021-04-19,751,470,0,11.55,40
2021-04-20,770,362,0,12.37,55
2021-04-21,705,179,0,12.64,80
2021-04-22,588,499,0,11.02,63
2021-04-23,707,351,0,11.38,57
2021-04-24,833,196,0,11.23,32
2021-04-25,793,359,0,10.03,40
2021-04-26,773,359,0,10.88,67
2021-04-27,632,202,0,11.37,43
2021-04-28,710,139,0,11.22,80
2021-04-29,632,372,0,12.16,55
2021-04-30,719,200,0,11.14,77
2021-05-01,884,458,0,11.46,50
2021-05-02,817,479,0,11.28,83
2021-05-03,720,407,0,12.21,85
2021-05-04,652,320,0,12.58,68
2021-05-05,707,407,0,11.59,59
2021-05-06,629,223,0,12.36,88
2021-05-07,636,330,0,10.88,37
2021-05-08,938,277,0,11.61,80
2021-05-09,860,162,0,11.03,49
2021-05-10,721,215,0,11.23,77
2021-05-11,744,290,0,12.19,61
2021-05-12,588,161,0,12.63,51
2021-05-13,598,355,0,10.35,88
2021-05-14,644,106,0,11.89,36
2021-05-15,825,254,0,11.74,38
2021-05-16,771,191,0,10.35,74
2021-05-17,617,113,0,10.63,30
2021-05-18,627,328,0,10.92,58
2021-05-19,712,185,0,10.49,37
2021-05-20,722,232,0,10.72,85
2021-05-21,580,282,0,10.79,83
2021-05-22,892,485,0,11.0,33
2021-05-23,802,161,0,12.24,64
2021-05-24,550,318,0,11.71,88
2021-05-25,624,345,0,12.95,32
2021-05-26,566,329,0,11.23,83
2021-05-27,593,178,0,12.25,74
2021-05-28,642,248,0,12.6,69
2021-05-29,735,237,0,12.03,36
2021-05-30,835,413,0,11.23,56
2021-05-31,638,475,0,12.25,30
2021-06-01,681,488,0,10.6,56
2021-06-02,639,164,0,10.97,45
2021-06-03,565,112,0,11.63,67
2021-06-04,505,312,0,11.72,36
2021-06-05,769,341,0,10.06,73
2021-06-06,751,312,0,12.83,52
2021-06-07,513,280,0,12.08,70
2021-06-08,482,437,0,11.48,88
2021-06-09,525,272,0,12.79,40
2021-06-10,663,259,0,11.31,71
2021-06-11,592,263,0,12.93,82
2021-06-12,706,287,0,11.53,62
2021-06-13,775,494,0,10.33,79
2021-06-14,567,290,0,12.28,65
2021-06-15,604,407,0,12.03,66
2021-06-16,633,355,0,12.31,70
2021-06-17,526,282,0,12.84,88
2021-06-18,538,216,0,12.32,46
2021-06-19,758,381,0,11.82,64
2021-06-20,780,295,0,12.56,77
2021-06-21,441,133,0,12.01,34
2021-06-22,561,151,0,11.21,77
2021-06-23,530,211,0,12.65,61
2021-06-24,555,351,0,10.66,32
2021-06-25,603,181,0,12.13,81
2021-06-26,641,331,0,12.63,76
2021-06-27,807,326,0,12.18,64
2021-06-28,505,332,0,12.08,81
2021-06-29,600,320,0,12.25,43
2021-06-30,557,141,0,11.39,77
2021-07-01,492,120,0,12.61,60
2021-07-02,555,141,0,10.6,60
2021-07-03,770,496,0,10.37,46
2021-07-04,649,212,0,10.85,89
2021-07-05,507,204,0,11.58,53
2021-07-06,432,291,0,11.52,81
2021-07-07,525,116,0,12.45,52
2021-07-08,395,219,0,11.2,47
2021-07-09,376,492,0,11.44,79
2021-07-10,660,228,0,10.03,83
2021-07-11,734,229,0,11.22,43
2021-07-12,422,159,0,11.93,79
2021-07-13,379,147,0,10.04,44
2021-07-14,503,128,0,10.83,44
2021-07-15,421,196,0,10.61,35
2021-07-16,348,109,0,10.12,56
2021-07-17,677,341,0,11.43,44
2021-07-18,553,413,0,10.54,79
2021-07-19,427,331,0,12.22,65
2021-07-20,380,376,0,12.53,84
2021-07-21,365,383,0,11.63,37
2021-07-22,505,302,0,12.94,44
2021-07-23,403,346,0,11.34,32
2021-07-24,566,389,0,11.53,76
2021-07-25,673,363,0,12.96,42
2021-07-26,388,313,0,10.68,70
2021-07-27,338,299,0,12.82,63
2021-07-28,356,178,0,10.12,53
2021-07-29,427,442,0,11.33,69
2021-07-30,359,443,0,10.2,61
2021-07-31,594,272,0,12.18,61
2021-08-01,604,168,0,11.82,59
2021-08-02,357,186,0,12.11,81
2021-08-03,339,200,0,11.11,78
2021-08-04,349,107,0,11.1,42
2021-08-05,366,432,0,10.13,30
2021-08-06,308,299,0,11.04,63
2021-08-07,515,186,0,12.78,44
2021-08-08,478,142,0,11.13,73
2021-08-09,282,484,0,12.48,43
2021-08-10,384,208,0,12.52,86
2021-08-11,368,251,0,11.11,58
2021-08-12,446,116,0,11.89,63
2021-08-13,311,232,0,10.28,47
2021-08-14,588,247,0,10.3,83
2021-08-15,515,376,0,10.14,36
2021-08-16,270,331,0,11.73,58
2021-08-17,282,413,0,11.27,84
2021-08-18,329,465,0,11.63,60
2021-08-19,379,327,0,11.55,54
2021-08-20,356,238,0,11.04,67
2021-08-21,599,498,0,12.02,43
2021-08-22,456,310,0,12.27,37
2021-08-23,427,490,0,10.03,56
2021-08-24,294,127,0,10.61,83
2021-08-25,351,150,0,12.13,31
2021-08-26,241,360,0,11.15,46
2021-08-27,235,360,0,11.98,66
2021-08-28,541,449,0,11.03,43
2021-08-29,579,451,0,11.16,54
2021-08-30,334,107,0,10.47,85
2021-08-31,243,419,0,10.76,59
2021-09-01,261,237,0,11.81,58
2021-09-02,337,137,0,11.29,49
2021-09-03,235,210,0,12.31,50
2021-09-04,611,467,0,12.55,82
2021-09-05,536,319,0,11.61,51
2021-09-06,244,436,0,12.26,64
2021-09-07,253,322,0,10.91,66
2021-09-08,398,235,0,11.23,45
2021-09-09,229,355,0,12.13,79
2021-09-10,296,459,0,11.15,87
2021-09-11,535,428,0,11.76,78
2021-09-12,452,148,0,10.55,72
2021-09-13,232,391,0,11.79,46
2021-09-14,351,481,0,12.57,45
2021-09-15,218,423,0,12.6,87
2021-09-16,229,177,0,12.16,84
2021-09-17,272,204,0,12.23,31
2021-09-18,541,268,0,11.66,33
2021-09-19,469,316,0,11.74,50
2021-09-20,311,477,0,10.39,68
2021-09-21,347,218,0,11.32,63
2021-09-22,311,289,0,11.34,59
2021-09-23,311,354,0,12.87,35
2021-09-24,234,469,0,11.28,46
2021-09-25,510,365,0,11.64,68
2021-09-26,407,248,0,11.59,54
2021-09-27,367,263,0,11.9,34
2021-09-28,312,239,0,12.23,34
2021-09-29,282,446,0,10.67,49
2021-09-30,241,357,0,11.58,45
2021-10-01,368,473,0,12.47,80
2021-10-02,500,368,0,11.38,70
2021-10-03,405,280,0,10.83,66
2021-10-04,379,259,0,11.95,69
2021-10-05,225,450,0,12.46,38
2021-10-06,263,499,0,10.18,34
2021-10-07,387,387,0,12.32,71
2021-10-08,384,387,0,12.45,86
2021-10-09,460,479,0,11.37,31
2021-10-10,510,325,0,12.94,38
2021-10-11,400,110,0,12.35,72
2021-10-12,324,109,0,12.31,65
2021-10-13,236,370,0,12.23,51
2021-10-14,385,372,0,10.44,51
2021-10-15,355,282,0,10.64,51
2021-10-16,427,252,0,11.38,63
2021-10-17,605,414,0,10.78,84
2021-10-18,278,433,0,11.24,58
2021-10-19,321,223,0,12.66,67
2021-10-20,214,213,0,12.46,88
2021-10-21,305,377,0,11.88,75
2021-10-22,287,312,0,12.56,62
2021-10-23,604,271,0,12.34,47
2021-10-24,477,387,0,11.28,36
2021-10-25,310,273,0,10.59,30
2021-10-26,313,212,0,11.53,62
2021-10-27,371,475,0,12.2,30
2021-10-28,276,221,0,11.3,53
2021-10-29,360,131,0,11.99,33
2021-10-30,555,321,0,10.27,33
2021-10-31,457,218,0,12.23,47
2021-11-01,568,138,1,12.43,56
2021-11-02,566,367,1,12.11,72
2021-11-03,683,332,1,12.89,88
2021-11-04,539,117,1,12.47,61
2021-11-05,601,248,1,12.7,62
2021-11-06,812,496,1,12.79,57
2021-11-07,743,248,1,12.39,71
2021-11-08,621,225,1,12.01,70
2021-11-09,678,491,1,10.01,84
2021-11-10,664,401,1,11.39,65
2021-11-11,661,459,1,11.7,89
2021-11-12,644,337,1,10.9,35
2021-11-13,932,234,1,10.94,45
2021-11-14,817,250,1,12.87,63
2021-11-15,743,335,1,12.67,52
2021-11-16,754,323,1,12.54,79
2021-11-17,642,302,1,11.21,71
2021-11-18,701,355,1,10.03,53
2021-11-19,594,185,1,10.23,85
2021-11-20,949,249,1,10.93,78
2021-11-21,946,334,1,10.04,42
2021-11-22,620,444,1,10.04,85
2021-11-23,711,121,1,12.74,47
2021-11-24,651,447,1,12.11,83
2021-11-25,738,384,1,10.92,42
2021-11-26,705,368,1,10.39,78
2021-11-27,858,357,1,11.52,66
2021-11-28,812,128,1,10.01,72
2021-11-29,616,312,1,12.81,68
2021-11-30,712,382,1,11.23,71
2021-12-01,741,149,1,11.2,46
2021-12-02,652,194,1,11.16,44
2021-12-03,609,187,1,10.2,47
2021-12-04,901,143,1,11.9,52
2021-12-05,956,377,1,12.19,83
2021-12-06,681,270,1,12.02,80
2021-12-07,658,288,1,10.41,59
2021-12-08,660,452,1,11.73,87
2021-12-09,752,283,1,11.7,63
2021-12-10,769,102,1,12.6,87
2021-12-11,933,290,1,11.13,33
2021-12-12,913,217,1,11.1,32
2021-12-13,642,118,1,11.85,36
2021-12-14,804,122,1,11.89,85
2021-12-15,780,129,1,11.4,47
2021-12-16,827,394,1,11.32,71
2021-12-17,663,207,1,11.47,36
2021-12-18,861,466,1,12.57,69
2021-12-19,1010,380,1,11.37,35
2021-12-20,801,227,1,12.81,51
2021-12-21,838,328,1,11.5,87
2021-12-22,800,210,1,12.84,30
2021-12-23,686,235,1,12.49,33
2021-12-24,844,461,1,11.08,75
2021-12-25,1010,285,1,12.58,78
2021-12-26,967,243,1,10.32,81
2021-12-27,752,171,1,12.77,79
2021-12-28,753,228,1,11.88,72
2021-12-29,795,463,1,10.15,58
2021-12-30,770,360,1,11.92,50
2021-12-31,718,102,1,12.91,55
2022-01-01,613,487,0,10.2,43
2022-01-02,750,203,0,11.65,38
2022-01-03,563,323,0,12.23,88
2022-01-04,452,419,0,12.42,76
2022-01-05,581,461,0,11.23,41
2022-01-06,515,453,0,10.6,71
2022-01-07,520,109,0,10.12,80
2022-01-08,677,483,0,11.73,85
2022-01-09,700,401,0,11.35,80
2022-01-10,497,330,0,12.84,35
2022-01-11,626,318,0,10.17,49
2022-01-12,620,165,0,12.05,53
2022-01-13,523,211,0,10.06,56
2022-01-14,565,112,0,10.5,67
2022-01-15,772,492,0,11.35,37
2022-01-16,792,185,0,11.35,30
2022-01-17,620,333,0,12.05,83
2022-01-18,537,189,0,12.72,78
2022-01-19,500,413,0,11.91,78
2022-01-20,469,153,0,12.85,53
2022-01-21,511,111,0,12.63,76
2022-01-22,738,308,0,11.74,36
2022-01-23,828,113,0,12.49,48
2022-01-24,541,220,0,11.92,51
2022-01-25,548,476,0,10.23,86
2022-01-26,580,119,0,12.21,84
2022-01-27,562,174,0,10.27,89
2022-01-28,504,499,0,11.77,64
2022-01-29,801,342,0,12.1,59
2022-01-30,713,322,0,10.19,58
2022-01-31,562,169,0,10.68,51
2022-02-01,535,411,0,12.74,40
2022-02-02,543,310,0,11.84,49
2022-02-03,676,200,0,10.73,58
2022-02-04,519,285,0,12.06,80
2022-02-05,799,231,0,11.78,70
2022-02-06,842,210,0,11.49,71
2022-02-07,600,480,0,12.92,63
2022-02-08,679,231,0,12.04,30
2022-02-09,589,119,0,11.12,60
2022-02-10,662,493,0,12.39,59
2022-02-11,621,123,0,12.64,77
2022-02-12,777,326,0,10.37,47
2022-02-13,826,253,0,10.59,84
2022-02-14,686,392,0,10.64,87
2022-02-15,582,329,0,12.06,46
2022-02-16,617,409,0,11.8,67
2022-02-17,586,458,0,11.85,43
2022-02-18,653,301,0,12.81,52
2022-02-19,766,137,0,12.32,54
2022-02-20,786,359,0,10.37,44
2022-02-21,735,287,0,11.03,75
2022-02-22,683,156,0,11.3,85
2022-02-23,726,119,0,11.18,51
2022-02-24,659,372,0,12.0,32
2022-02-25,587,218,0,12.67,85
2022-02-26,829,170,0,10.91,84
2022-02-27,911,103,0,11.65,48
2022-02-28,723,320,0,12.36,86
2022-03-01,716,113,0,11.24,73
2022-03-02,767,102,0,10.49,63
2022-03-03,628,315,0,11.41,64
2022-03-04,680,328,0,10.16,79
2022-03-05,882,435,0,12.82,30
2022-03-06,958,285,0,10.21,81
2022-03-07,620,154,0,11.31,50
2022-03-08,761,487,0,11.58,58
2022-03-09,782,475,0,12.95,35
2022-03-10,719,353,0,10.49,66
2022-03-11,653,123,0,10.33,30
2022-03-12,922,261,0,10.02,80
2022-03-13,967,257,0,10.46,30
2022-03-14,789,181,0,10.61,56
2022-03-15,632,258,0,11.88,50
2022-03-16,783,287,0,10.65,82
2022-03-17,607,159,0,10.05,45
2022-03-18,704,404,0,12.47,73
2022-03-19,951,418,0,11.09,88
2022-03-20,828,465,0,11.05,83
2022-03-21,750,310,0,10.9,69
2022-03-22,760,251,0,12.92,55
2022-03-23,753,208,0,10.5,45
2022-03-24,635,175,0,12.68,57
2022-03-25,782,129,0,12.32,30
2022-03-26,895,413,0,10.22,65
2022-03-27,953,216,0,12.95,39
2022-03-28,781,455,0,10.8,72
2022-03-29,631,291,0,10.29,46
2022-03-30,794,118,0,12.48,86
2022-03-31,684,272,0,12.11,88
2022-04-01,664,327,0,11.84,52
2022-04-02,808,449,0,10.46,36
2022-04-03,803,282,0,11.43,73
2022-04-04,721,212,0,12.33,82
2022-04-05,672,282,0,10.9,36
2022-04-06,695,245,0,10.93,73
2022-04-07,715,418,0,10.0,44
2022-04-08,635,215,0,10.51,63
2022-04-09,937,212,0,12.62,75
2022-04-10,955,350,0,11.32,74
2022-04-11,642,350,0,12.94,33
2022-04-12,704,402,0,11.18,43
2022-04-13,774,412,0,12.14,43
2022-04-14,777,217,0,10.84,45
2022-04-15,607,400,0,11.08,36
2022-04-16,949,260,0,10.56,61
2022-04-17,927,297,0,11.03,48
2022-04-18,595,359,0,11.63,31
2022-04-19,746,247,0,12.97,39
2022-04-20,634,339,0,11.98,79
2022-04-21,654,146,0,10.59,46
2022-04-22,661,498,0,10.12,66
2022-04-23,957,297,0,10.37,41
2022-04-24,912,146,0,11.68,35
2022-04-25,736,177,0,12.29,51
2022-04-26,675,223,0,12.81,61
2022-04-27,693,174,0,10.04,70
2022-04-28,741,458,0,11.56,49
2022-04-29,611,236,0,11.4,30
2022-04-30,799,189,0,11.96,83
2022-05-01,815,499,0,11.67,76
2022-05-02,597,424,0,12.05,82
2022-05-03,637,160,0,11.96,87
2022-05-04,714,237,0,10.34,35
2022-05-05,575,149,0,12.39,48
2022-05-06,636,358,0,10.36,47
2022-05-07,864,206,0,12.09,35
2022-05-08,796,212,0,11.24,74
2022-05-09,690,449,0,11.53,62
2022-05-10,754,353,0,12.7,52
2022-05-11,575,217,0,12.66,52
2022-05-12,597,297,0,12.44,55
2022-05-13,637,436,0,11.52,42
2022-05-14,791,464,0,12.2,36
2022-05-15,850,150,0,11.53,44
2022-05-16,680,344,0,12.6,73
2022-05-17,679,134,0,11.2,56
2022-05-18,639,401,0,12.9,55
2022-05-19,723,168,0,12.79,62
2022-05-20,641,448,0,12.21,44
2022-05-21,832,419,0,10.83,65
2022-05-22,785,148,0,10.38,74
2022-05-23,693,173,0,12.55,84
2022-05-24,620,291,0,10.49,56
2022-05-25,585,360,0,12.55,86
2022-05-26,647,455,0,11.46,34
2022-05-27,631,169,0,11.21,31
2022-05-28,745,189,0,12.7,84
2022-05-29,778,359,0,11.8,87
2022-05-30,630,225,0,11.72,62
2022-05-31,606,330,0,11.67,45
2022-06-01,589,394,0,11.1,52
2022-06-02,525,228,0,12.35,67
2022-06-03,613,379,0,10.75,84
2022-06-04,825,412,0,12.81,45
2022-06-05,735,199,0,12.67,43
2022-06-06,510,425,0,11.0,58
2022-06-07,518,396,0,12.18,55
2022-06-08,516,281,0,11.71,64
2022-06-09,483,273,0,11.0,44
2022-06-10,620,415,0,12.96,32
2022-06-11,666,463,0,10.07,52
2022-06-12,708,287,0,10.75,58
2022-06-13,560,156,0,11.55,63
2022-06-14,605,130,0,11.56,62
2022-06-15,542,183,0,11.76,70
2022-06-16,559,251,0,12.25,70
2022-06-17,610,135,0,11.86,52
2022-06-18,824,312,0,11.79,36
2022-06-19,696,463,0,10.15,32
2022-06-20,436,205,0,11.12,87
2022-06-21,495,441,0,10.69,61
2022-06-22,611,319,0,10.79,60
2022-06-23,480,490,0,11.65,47
2022-06-24,537,262,0,10.59,72
2022-06-25,786,319,0,10.87,36
2022-06-26,758,369,0,10.7,70
2022-06-27,561,219,0,12.84,30
2022-06-28,583,493,0,12.82,43
2022-06-29,458,435,0,11.82,81
2022-06-30,538,499,0,12.76,61
2022-07-01,578,281,0,12.35,35
2022-07-02,651,205,0,11.76,68
2022-07-03,708,316,0,10.01,39
2022-07-04,541,304,0,12.31,36
2022-07-05,553,169,0,12.1,55
2022-07-06,416,143,0,11.84,63
2022-07-07,440,428,0,12.27,59
2022-07-08,399,400,0,11.53,65
2022-07-09,660,327,0,12.1,50
2022-07-10,642,283,0,12.8,89
2022-07-11,402,206,0,11.12,46
2022-07-12,490,183,0,12.11,62
2022-07-13,492,437,0,11.42,39
2022-07-14,515,349,0,12.01,80
2022-07-15,441,462,0,12.28,76
2022-07-16,564,120,0,10.13,71
2022-07-17,671,295,0,11.93,80
2022-07-18,511,277,0,10.67,41
2022-07-19,524,106,0,12.0,85
2022-07-20,442,169,0,11.39,45
2022-07-21,509,226,0,12.31,70
2022-07-22,509,498,0,10.36,61
2022-07-23,676,259,0,11.87,44
2022-07-24,546,347,0,10.83,56
2022-07-25,517,302,0,12.55,57
2022-07-26,494,247,0,12.78,46
2022-07-27,509,242,0,12.98,75
2022-07-28,396,298,0,12.38,88
2022-07-29,466,253,0,12.25,79
2022-07-30,679,475,0,10.64,87
2022-07-31,528,483,0,11.0,31
2022-08-01,359,241,0,11.39,65
2022-08-02,443,412,0,12.31,79
2022-08-03,444,264,0,12.73,36
2022-08-04,443,413,0,10.56,42
2022-08-05,399,120,0,12.76,44
2022-08-06,531,181,0,12.08,54
2022-08-07,678,168,0,11.82,52
2022-08-08,357,230,0,10.59,89
2022-08-09,357,186,0,10.16,51
2022-08-10,376,317,0,11.7,55
2022-08-11,445,404,0,11.94,62
2022-08-12,414,470,0,10.62,40
2022-08-13,581,444,0,11.66,39
2022-08-14,547,440,0,12.56,54
2022-08-15,321,483,0,12.5,66
2022-08-16,445,495,0,12.77,77
2022-08-17,357,260,0,11.09,72
2022-08-18,300,277,0,10.94,82
2022-08-19,320,216,0,12.24,67
2022-08-20,447,295,0,11.28,70
2022-08-21,585,482,0,10.25,74
2022-08-22,421,426,0,10.84,53
2022-08-23,363,185,0,11.25,69
2022-08-24,422,388,0,10.87,75
2022-08-25,298,180,0,10.99,85
2022-08-26,266,251,0,10.87,62
2022-08-27,590,160,0,10.11,46
2022-08-28,459,160,0,11.9,53
2022-08-29,277,453,0,11.78,66
2022-08-30,399,127,0,11.95,86
2022-08-31,255,142,0,10.57,31
2022-09-01,367,268,0,10.88,61
2022-09-02,389,185,0,11.85,86
2022-09-03,439,276,0,11.79,89
2022-09-04,436,116,0,11.51,53
2022-09-05,218,197,0,11.04,38
2022-09-06,293,297,0,12.73,33
2022-09-07,329,197,0,11.01,46
2022-09-08,388,164,0,11.36,46
2022-09-09,405,429,0,12.02,82
2022-09-10,523,440,0,11.62,79
2022-09-11,523,104,0,11.03,77
2022-09-12,374,101,0,11.3,59
2022-09-13,386,121,0,12.37,69
2022-09-14,269,211,0,10.82,87
2022-09-15,337,156,0,10.42,40
2022-09-16,333,165,0,10.93,50
2022-09-17,411,429,0,12.54,50
2022-09-18,560,197,0,10.26,47
2022-09-19,257,243,0,12.97,84
2022-09-20,304,467,0,11.61,58
2022-09-21,332,224,0,12.94,53
2022-09-22,232,266,0,12.81,39
2022-09-23,210,185,0,11.35,74
2022-09-24,510,175,0,10.59,46
2022-09-25,561,443,0,10.48,47
2022-09-26,323,393,0,10.71,71
2022-09-27,286,158,0,12.12,77
2022-09-28,254,237,0,10.81,49
2022-09-29,231,198,0,11.01,66
2022-09-30,377,291,0,11.34,74
2022-10-01,534,342,0,12.73,47
2022-10-02,492,418,0,10.56,46
2022-10-03,207,148,0,10.01,38
2022-10-04,264,131,0,10.17,43
2022-10-05,256,490,0,12.7,78
2022-10-06,267,376,0,11.93,58
2022-10-07,387,119,0,10.81,60
2022-10-08,472,253,0,10.52,33
2022-10-09,455,482,0,10.87,47
2022-10-10,268,167,0,10.33,88
2022-10-11,253,465,0,12.81,49
2022-10-12,300,471,0,12.34,85
2022-10-13,295,313,0,11.38,85
2022-10-14,212,242,0,12.58,76
2022-10-15,567,475,0,10.74,72
2022-10-16,441,331,0,12.14,73
2022-10-17,303,312,0,12.56,38
2022-10-18,296,178,0,11.06,42
2022-10-19,287,313,0,12.26,44
2022-10-20,242,215,0,10.88,56
2022-10-21,331,191,0,10.89,44
2022-10-22,459,369,0,10.31,57
2022-10-23,558,480,0,11.31,66
2022-10-24,411,267,0,12.18,84
2022-10-25,382,157,0,12.81,48
2022-10-26,400,383,0,11.8,55
2022-10-27,362,125,0,12.58,81
2022-10-28,276,468,0,12.46,55
2022-10-29,599,165,0,10.51,54
2022-10-30,432,347,0,11.45,55
2022-10-31,300,353,0,10.34,55
2022-11-01,535,486,1,12.04,75
2022-11-02,691,143,1,12.84,57
2022-11-03,683,196,1,10.4,78
2022-11-04,619,141,1,12.19,47
2022-11-05,883,326,1,11.89,61
2022-11-06,850,361,1,11.74,82
2022-11-07,665,266,1,11.16,32
2022-11-08,689,378,1,11.06,31
2022-11-09,580,188,1,10.13,62
2022-11-10,575,478,1,10.64,71
2022-11-11,737,277,1,10.04,48
2022-11-12,833,296,1,11.73,46
2022-11-13,755,406,1,10.31,73
2022-11-14,685,366,1,12.61,62
2022-11-15,605,367,1,11.56,41
2022-11-16,758,173,1,12.09,78
2022-11-17,711,107,1,11.22,85
2022-11-18,577,396,1,11.67,32
2022-11-19,898,263,1,12.82,72
2022-11-20,966,184,1,10.24,78
2022-11-21,692,171,1,10.75,84
2022-11-22,716,154,1,12.33,55
2022-11-23,599,492,1,10.29,64
2022-11-24,587,146,1,10.22,37
2022-11-25,622,498,1,11.07,81
2022-11-26,953,337,1,10.27,65
2022-11-27,927,203,1,11.75,82
2022-11-28,646,309,1,10.67,83
2022-11-29,768,141,1,12.68,36
2022-11-30,698,415,1,12.34,75
2022-12-01,688,367,1,12.09,75
2022-12-02,713,485,1,11.84,65
2022-12-03,832,362,1,12.58,45
2022-12-04,892,435,1,10.66,53
2022-12-05,772,486,1,12.61,83
2022-12-06,738,464,1,12.36,30
2022-12-07,680,358,1,12.23,78
2022-12-08,752,382,1,11.67,54
2022-12-09,741,213,1,10.73,39
2022-12-10,945,462,1,11.26,83
2022-12-11,848,139,1,12.37,45
2022-12-12,646,319,1,10.09,45
2022-12-13,680,228,1,12.34,87
2022-12-14,837,107,1,10.71,37
2022-12-15,672,200,1,10.42,58
2022-12-16,753,479,1,10.34,68
2022-12-17,875,275,1,10.07,57
2022-12-18,861,206,1,11.56,35
2022-12-19,814,200,1,10.64,45
2022-12-20,850,359,1,12.96,49
2022-12-21,696,465,1,11.71,45
2022-12-22,779,345,1,10.4,36
2022-12-23,772,374,1,12.06,70
2022-12-24,914,131,1,12.68,43
2022-12-25,956,236,1,12.23,72
2022-12-26,754,111,1,10.22,55
2022-12-27,833,494,1,12.68,55
2022-12-28,819,401,1,12.37,43
2022-12-29,779,474,1,10.46,36
2022-12-30,740,115,1,10.15,62
2022-12-31,1001,228,1,11.66,55
2023-01-01,646,162,0,10.46,86
2023-01-02,574,208,0,12.49,74
2023-01-03,446,474,0,11.07,49
2023-01-04,432,120,0,12.73,32
2023-01-05,583,257,0,11.69,81
2023-01-06,575,368,0,10.54,33
2023-01-07,747,261,0,10.41,55
2023-01-08,705,359,0,11.72,40
2023-01-09,519,201,0,12.28,31
2023-01-10,552,322,0,12.33,43
2023-01-11,545,158,0,10.82,73
2023-01-12,528,346,0,10.6,59
2023-01-13,473,227,0,10.04,78
2023-01-14,706,382,0,12.03,41
2023-01-15,683,424,0,10.22,55
2023-01-16,590,124,0,11.25,73
2023-01-17,627,230,0,11.8,62
2023-01-18,560,452,0,12.8,42
2023-01-19,477,295,0,10.93,43
2023-01-20,522,380,0,10.74,53
2023-01-21,871,253,0,11.95,63
2023-01-22,813,481,0,11.85,73
2023-01-23,651,232,0,10.99,55
2023-01-24,626,326,0,12.77,50
2023-01-25,638,288,0,12.52,57
2023-01-26,678,364,0,10.66,77
2023-01-27,613,471,0,10.71,65
2023-01-28,740,233,0,11.53,69
2023-01-29,761,310,0,12.31,31
2023-01-30,630,159,0,10.12,71
2023-01-31,557,476,0,12.07,38
2023-02-01,613,494,0,11.93,52
2023-02-02,701,463,0,10.68,44
2023-02-03,562,463,0,12.03,42
2023-02-04,895,312,0,12.81,52
2023-02-05,753,315,0,10.13,46
2023-02-06,635,325,0,10.95,77
2023-02-07,548,230,0,11.3,89
2023-02-08,554,175,0,12.69,31
2023-02-09,677,385,0,12.88,49
2023-02-10,541,376,0,11.32,49
2023-02-11,773,255,0,12.24,88
2023-02-12,746,347,0,11.58,75
2023-02-13,702,317,0,11.6,32
2023-02-14,653,289,0,10.82,84
2023-02-15,730,262,0,10.64,41
2023-02-16,584,279,0,10.85,69
2023-02-17,601,133,0,11.66,31
2023-02-18,848,140,0,10.08,65
2023-02-19,807,406,0,12.71,43
2023-02-20,665,437,0,10.46,45
2023-02-21,708,413,0,10.65,48
2023-02-22,708,174,0,11.54,63
2023-02-23,629,378,0,12.12,73
2023-02-24,618,275,0,10.28,75
2023-02-25,797,483,0,10.94,35
2023-02-26,802,249,0,12.9,42
2023-02-27,716,372,0,10.78,65
2023-02-28,651,424,0,10.93,51
2023-03-01,762,207,0,12.5,47
2023-03-02,682,238,0,10.14,41
2023-03-03,729,449,0,11.38,81
2023-03-04,971,370,0,11.13,88
2023-03-05,851,446,0,10.94,83
2023-03-06,620,388,0,10.85,59
2023-03-07,598,311,0,10.26,82
2023-03-08,711,480,0,10.93,80
2023-03-09,645,371,0,10.12,69
2023-03-10,756,165,0,12.33,36
2023-03-11,890,347,0,11.18,61
2023-03-12,829,255,0,11.32,77
2023-03-13,614,146,0,12.67,48
2023-03-14,629,300,0,11.96,35
2023-03-15,626,247,0,10.01,49
2023-03-16,723,223,0,12.82,56
2023-03-17,700,100,0,10.7,82
2023-03-18,965,346,0,10.31,72
2023-03-19,973,442,0,12.29,66
2023-03-20,697,227,0,11.49,77
2023-03-21,693,290,0,11.29,36
2023-03-22,608,166,0,10.74,88
2023-03-23,615,103,0,11.63,34
2023-03-24,698,402,0,10.81,40
2023-03-25,841,393,0,12.69,44
2023-03-26,985,242,0,10.64,32
2023-03-27,647,290,0,12.64,87
2023-03-28,787,120,0,11.67,34
2023-03-29,615,326,0,12.48,52
2023-03-30,672,412,0,12.13,82
2023-03-31,655,216,0,12.08,66
2023-04-01,853,401,0,10.96,38
2023-04-02,845,241,0,10.69,44
2023-04-03,610,138,0,10.62,32
2023-04-04,660,492,0,12.56,58
2023-04-05,678,454,0,12.45,35
2023-04-06,681,351,0,11.31,46
2023-04-07,605,432,0,10.39,55
2023-04-08,946,306,0,11.14,50
2023-04-09,877,309,0,11.85,37
2023-04-10,714,214,0,11.35,50
2023-04-11,793,324,0,12.33,86
2023-04-12,795,233,0,12.98,40
2023-04-13,619,350,0,10.56,67
2023-04-14,682,318,0,11.37,37
2023-04-15,804,190,0,11.28,71
2023-04-16,934,453,0,10.9,53
2023-04-17,649,475,0,10.58,64
2023-04-18,743,145,0,10.19,84
2023-04-19,697,137,0,12.65,43
2023-04-20,613,241,0,11.25,84
2023-04-21,633,199,0,11.48,43
2023-04-22,817,427,0,12.74,39
2023-04-23,794,289,0,12.32,41
2023-04-24,598,134,0,10.38,67
2023-04-25,780,246,0,11.69,73
2023-04-26,724,129,0,11.32,84
2023-04-27,729,433,0,12.38,75
2023-04-28,602,183,0,12.16,63
2023-04-29,861,468,0,12.06,70
2023-04-30,908,380,0,11.01,39
2023-05-01,585,443,0,12.4,87
2023-05-02,649,369,0,10.15,46
2023-05-03,685,253,0,10.47,46
2023-05-04,573,201,0,11.0,32
2023-05-05,701,314,0,10.22,60
2023-05-06,877,249,0,10.69,80
2023-05-07,936,182,0,12.48,30
2023-05-08,630,209,0,12.83,41
2023-05-09,615,486,0,10.9,68
2023-05-10,636,374,0,10.78,33
2023-05-11,668,300,0,10.83,71
2023-05-12,716,383,0,10.82,42
2023-05-13,893,272,0,10.1,63
2023-05-14,932,426,0,12.77,71
2023-05-15,645,305,0,10.63,50
2023-05-16,557,162,0,11.25,51
2023-05-17,551,172,0,10.02,86
2023-05-18,694,350,0,12.56,33
2023-05-19,684,223,0,12.18,47
2023-05-20,838,474,0,12.83,34
2023-05-21,915,220,0,12.33,48
2023-05-22,570,374,0,10.93,31
2023-05-23,620,497,0,10.73,41
2023-05-24,650,219,0,12.08,46
2023-05-25,553,416,0,11.08,39
2023-05-26,685,263,0,11.69,63
2023-05-27,879,385,0,10.01,35
2023-05-28,891,364,0,10.18,37
2023-05-29,613,419,0,11.6,80
2023-05-30,541,260,0,11.69,40
2023-05-31,514,475,0,12.24,86
2023-06-01,616,407,0,10.39,41
2023-06-02,497,188,0,11.53,38
2023-06-03,783,241,0,10.57,31
2023-06-04,840,302,0,10.27,37
2023-06-05,625,408,0,11.22,87
2023-06-06,642,326,0,10.48,40
2023-06-07,494,433,0,10.66,89
2023-06-08,644,321,0,10.94,82
2023-06-09,579,140,0,10.77,65
2023-06-10,794,295,0,10.25,39
2023-06-11,859,167,0,10.26,50
2023-06-12,516,363,0,10.57,49
2023-06-13,628,101,0,10.14,77
2023-06-14,489,460,0,11.87,37
2023-06-15,610,224,0,10.85,65
2023-06-16,461,209,0,10.83,58
2023-06-17,786,185,0,10.99,71
2023-06-18,660,219,0,11.98,41
2023-06-19,598,226,0,12.6,43
2023-06-20,531,354,0,12.27,77
2023-06-21,554,282,0,12.17,83
2023-06-22,467,115,0,11.44,79
2023-06-23,471,161,0,12.07,50
2023-06-24,650,468,0,11.65,51
2023-06-25,808,257,0,10.64,50
2023-06-26,476,367,0,10.62,73
2023-06-27,596,134,0,10.88,79
2023-06-28,423,366,0,12.72,59
2023-06-29,588,163,0,11.63,68
2023-06-30,522,149,0,12.19,49
2023-07-01,607,354,0,11.03,53
2023-07-02,752,248,0,11.21,52
2023-07-03,543,424,0,10.37,36
2023-07-04,490,403,0,10.5,38
2023-07-05,467,375,0,12.47,30
2023-07-06,513,456,0,11.74,55
2023-07-07,441,271,0,11.0,67
2023-07-08,750,300,0,12.4,67
2023-07-09,573,492,0,10.73,83
2023-07-10,539,423,0,12.92,73
2023-07-11,505,134,0,11.02,51
2023-07-12,479,315,0,11.0,73
2023-07-13,514,164,0,10.93,39
2023-07-14,421,107,0,10.36,84
2023-07-15,695,400,0,10.32,87
2023-07-16,736,442,0,11.93,35
2023-07-17,380,431,0,12.62,46
2023-07-18,492,175,0,12.36,80
2023-07-19,512,273,0,10.41,79
2023-07-20,526,146,0,11.63,67
2023-07-21,511,114,0,10.31,53
2023-07-22,599,460,0,10.13,80
2023-07-23,666,246,0,11.96,39
2023-07-24,369,125,0,11.6,85
2023-07-25,438,407,0,10.24,37
2023-07-26,402,192,0,10.09,50
2023-07-27,507,331,0,12.96,85
2023-07-28,448,120,0,10.08,35
2023-07-29,692,406,0,11.32,50
2023-07-30,538,137,0,11.5,86
2023-07-31,360,375,0,10.34,68
2023-08-01,467,256,0,10.5,53
2023-08-02,417,278,0,11.05,62
2023-08-03,488,231,0,12.28,88
2023-08-04,326,410,0,11.51,47
2023-08-05,668,447,0,11.9,85
2023-08-06,544,127,0,12.95,57
2023-08-07,324,359,0,12.29,86
2023-08-08,364,175,0,11.29,81
2023-08-09,284,166,0,11.33,61
2023-08-10,332,441,0,11.85,41
2023-08-11,345,293,0,11.99,77
2023-08-12,618,261,0,11.49,71
2023-08-13,662,446,0,11.92,56
2023-08-14,312,460,0,10.06,39
2023-08-15,262,356,0,11.28,75
2023-08-16,314,171,0,10.83,86
2023-08-17,325,186,0,10.38,81
2023-08-18,398,361,0,10.29,71
2023-08-19,541,313,0,11.8,61
2023-08-20,509,252,0,11.56,71
2023-08-21,298,309,0,10.75,55
2023-08-22,359,160,0,11.4,54
2023-08-23,349,367,0,11.47,40
2023-08-24,311,361,0,10.58,52
2023-08-25,342,317,0,11.95,63
2023-08-26,490,382,0,12.33,86
2023-08-27,600,235,0,12.36,81
2023-08-28,233,479,0,11.8,69
2023-08-29,348,461,0,11.52,52
2023-08-30,232,192,0,10.17,58
2023-08-31,229,208,0,10.85,60
2023-09-01,228,340,0,10.27,36
2023-09-02,475,454,0,12.88,69
2023-09-03,466,241,0,10.4,62
2023-09-04,395,390,0,10.45,50
2023-09-05,225,336,0,12.66,31
2023-09-06,314,439,0,12.82,47
2023-09-07,234,411,0,12.29,76
2023-09-08,334,276,0,10.01,62
2023-09-09,472,240,0,9.99,66
2023-09-10,533,288,0,11.12,63
2023-09-11,372,148,0,10.42,49
2023-09-12,386,401,0,10.05,64
2023-09-13,289,468,0,11.38,80
2023-09-14,268,289,0,12.82,79
2023-09-15,350,235,0,10.96,83
2023-09-16,407,142,0,11.97,47
2023-09-17,563,479,0,11.95,75
2023-09-18,216,452,0,10.74,53
2023-09-19,322,189,0,11.94,37
2023-09-20,326,394,0,10.63,59
2023-09-21,290,440,0,10.36,73
2023-09-22,273,344,0,12.09,82
2023-09-23,468,291,0,10.33,39
2023-09-24,541,417,0,12.98,52
2023-09-25,300,205,0,10.54,81
2023-09-26,297,462,0,11.77,78
2023-09-27,210,409,0,11.22,40
2023-09-28,304,481,0,10.37,31
2023-09-29,383,332,0,10.07,87
2023-09-30,466,364,0,11.86,55
2023-10-01,522,443,0,12.41,65
2023-10-02,228,136,0,12.52,62
2023-10-03,336,404,0,11.44,76
2023-10-04,394,140,0,12.32,42
2023-10-05,352,116,0,12.01,69
2023-10-06,276,443,0,12.16,54
2023-10-07,570,376,0,11.47,33
2023-10-08,409,406,0,11.89,71
2023-10-09,241,158,0,12.41,48
2023-10-10,227,282,0,11.18,47
2023-10-11,207,140,0,12.41,66
2023-10-12,342,138,0,11.77,59
2023-10-13,391,496,0,10.49,48
2023-10-14,528,291,0,10.06,87
2023-10-15,443,366,0,11.08,52
2023-10-16,278,246,0,11.63,88
2023-10-17,340,494,0,12.51,83
2023-10-18,384,432,0,10.37,45
2023-10-19,299,226,0,12.39,30
2023-10-20,356,145,0,12.58,41
2023-10-21,610,144,0,10.44,53
2023-10-22,450,100,0,12.54,63
2023-10-23,274,267,0,12.96,82
2023-10-24,392,207,0,12.17,86
2023-10-25,245,118,0,12.34,37
2023-10-26,416,431,0,12.97,47
2023-10-27,301,171,0,11.81,86
2023-10-28,536,208,0,10.91,77
2023-10-29,463,367,0,12.5,34
2023-10-30,270,339,0,11.83,55
2023-10-31,289,400,0,11.73,59
2023-11-01,621,189,1,10.75,83
2023-11-02,645,202,1,12.26,42
2023-11-03,718,349,1,10.24,48
2023-11-04,801,107,1,12.76,58
2023-11-05,792,252,1,10.97,32
2023-11-06,578,446,1,10.37,55
2023-11-07,638,273,1,11.32,69
2023-11-08,582,442,1,10.12,88
2023-11-09,636,257,1,12.04,87
2023-11-10,580,314,1,12.7,87
2023-11-11,755,276,1,12.5,41
2023-11-12,898,274,1,10.37,31
2023-11-13,634,439,1,10.37,40
2023-11-14,724,437,1,12.43,73
2023-11-15,651,245,1,12.76,57
2023-11-16,658,423,1,11.37,47
2023-11-17,623,260,1,11.49,42
2023-11-18,825,226,1,10.94,66
2023-11-19,817,181,1,12.67,51
2023-11-20,740,246,1,11.92,41
2023-11-21,587,338,1,10.85,31
2023-11-22,684,183,1,10.89,66
2023-11-23,624,212,1,12.66,36
2023-11-24,671,324,1,10.03,55
2023-11-25,966,431,1,10.96,55
2023-11-26,958,477,1,11.65,53
2023-11-27,691,342,1,10.43,41
2023-11-28,785,242,1,10.27,45
2023-11-29,752,140,1,12.44,52
2023-11-30,766,357,1,12.67,69
2023-12-01,791,384,1,12.46,89
2023-12-02,813,204,1,12.69,38
2023-12-03,942,301,1,11.65,61
2023-12-04,657,406,1,12.43,44
2023-12-05,673,430,1,11.14,66
2023-12-06,649,365,1,11.99,42
2023-12-07,644,497,1,12.96,34
2023-12-08,795,309,1,10.67,40
2023-12-09,966,150,1,11.16,39
2023-12-10,991,217,1,11.43,81
2023-12-11,741,300,1,10.4,42
2023-12-12,818,476,1,10.23,70
2023-12-13,799,138,1,12.48,82
2023-12-14,683,127,1,12.92,75
2023-12-15,806,358,1,11.2,79
2023-12-16,933,183,1,10.25,44
2023-12-17,954,254,1,10.19,71
2023-12-18,659,216,1,12.66,85
2023-12-19,738,101,1,11.38,36
2023-12-20,676,192,1,10.95,69
2023-12-21,707,265,1,11.42,57
2023-12-22,865,486,1,10.94,61
2023-12-23,887,499,1,11.46,64
2023-12-24,924,449,1,12.57,44
2023-12-25,836,395,1,11.77,77
2023-12-26,798,357,1,12.07,65
2023-12-27,705,180,1,11.08,50
2023-12-28,796,367,1,12.21,35
2023-12-29,793,334,1,11.99,30
2023-12-30,1086,420,1,10.35,33
